{"cameraMode":{"drawMode":0,"name":"Shaded","section":"Shading Mode"},"sceneLighting":true,"audioPlay":false,"sceneViewState":{"showFog":false,"showMaterialUpdate":false,"showSkybox":false,"showFlares":false,"showImageEffects":false,"showParticleSystems":false},"in2DMode":false,"pivot":{"x":34.75682067871094,"y":2.6195192337036135,"z":-4.514919281005859},"rotation":{"x":-0.11596305668354035,"y":-0.11386978626251221,"z":0.013396973721683026,"w":-0.9866275787353516},"size":44.1593132019043,"orthographic":false}