{"cameraMode":{"drawMode":0,"name":"Shaded","section":"Shading Mode"},"sceneLighting":false,"audioPlay":false,"sceneViewState":{"showFog":false,"showMaterialUpdate":false,"showSkybox":false,"showFlares":false,"showImageEffects":false,"showParticleSystems":false},"in2DMode":false,"pivot":{"x":-0.8518345355987549,"y":0.19164365530014039,"z":0.8281938433647156},"rotation":{"x":-0.07320982962846756,"y":-0.8154568076133728,"z":0.10577955096960068,"w":-0.5643596649169922},"size":3.9713337421417238,"orthographic":false}