{"cameraMode":{"drawMode":0,"name":"Shaded","section":"Shading Mode"},"sceneLighting":false,"audioPlay":false,"sceneViewState":{"showFog":false,"showMaterialUpdate":false,"showSkybox":false,"showFlares":false,"showImageEffects":false,"showParticleSystems":false},"in2DMode":false,"pivot":{"x":0.0,"y":0.28999996185302737,"z":-0.0019098632037639619},"rotation":{"x":0.28059712052345278,"y":-0.3360685706138611,"z":0.10561761260032654,"w":0.8928429484367371},"size":6.0609130859375,"orthographic":false}