{"cameraMode":{"drawMode":0,"name":"Shaded","section":"Shading Mode"},"sceneLighting":false,"audioPlay":false,"sceneViewState":{"showFog":false,"showMaterialUpdate":false,"showSkybox":false,"showFlares":false,"showImageEffects":false,"showParticleSystems":false},"in2DMode":false,"pivot":{"x":-0.027673840522766115,"y":2.1061954498291017,"z":0.09791126847267151},"rotation":{"x":-0.24442631006240846,"y":-0.19135767221450807,"z":0.04927540570497513,"w":-0.9493340849876404},"size":8.594191551208496,"orthographic":false}