{"cameraMode":{"drawMode":0,"name":"Shaded","section":"Shading Mode"},"sceneLighting":false,"audioPlay":false,"sceneViewState":{"showFog":false,"showMaterialUpdate":false,"showSkybox":false,"showFlares":false,"showImageEffects":false,"showParticleSystems":false},"in2DMode":false,"pivot":{"x":-0.9229717254638672,"y":-1.485107421875,"z":-1.4837608337402344},"rotation":{"x":-0.3187943994998932,"y":-0.2089219093322754,"z":0.0722687616944313,"w":-0.9216964840888977},"size":57.15768051147461,"orthographic":false}